,model,last_100_days,last_1000_days,last_2000_days
0,model_100_70,0.007907083854079247,0.0011268834332004189,0.0007128667733049952
1,model_100_50,0.008198167011141778,0.0010071732797659935,0.0005754465326026548
2,model_1000_70,0.01078449334949255,0.0014739812756888568,0.0010499059561407194
3,model_1000_50,0.011501448228955269,0.001505877961171791,0.0009007344453711994
4,model_2000_70,0.008554293662309647,0.0010722124162130058,0.0006247806235624012
5,model_2000_50,0.011616091877222061,0.0014031061867717653,0.0008722508067730814
