,model,last_100_days,last_1000_days,last_2000_days
0,model_100_70,0.002104399362578988,0.00038056385330855846,0.00023513326747342945
1,model_100_50,0.0031483052205294373,0.002291300022043288,0.0015863469592295586
2,model_1000_70,0.0027786811534315347,0.0012503628376871348,0.000831650499952957
3,model_1000_50,0.004351783208549022,0.0009084181976504624,0.0005784748562145979
4,model_2000_70,0.003595797009766102,0.0031284022089093926,0.0023001551078632473
5,model_2000_50,0.0027707679755985736,0.0017076808293350041,0.001177943759248592
