,model,last_100_days,last_1000_days,last_2000_days
0,model_100_70,0.016010772436857224,0.0020154011278646065,0.001185513646923937
1,model_100_50,0.02984624058008194,0.002688278704881668,0.0018114368782844394
2,model_1000_70,0.019897044003009796,0.0020255930394632742,0.0011725831097573972
3,model_1000_50,0.01564440384507179,0.0017911121706711127,0.001055700154742226
4,model_2000_70,0.03590934842824936,0.0038768933601677417,0.0030373780203517527
5,model_2000_50,0.03141203880310059,0.0027626143051311374,0.0020243499190546574
