,model,last_100_days,last_1000_days,last_2000_days
0,model_100_70,0.032856455147266386,0.0027662836806848644,0.0015510403451044113
1,model_100_50,0.024190534949302674,0.002069626003969461,0.0013177413810044527
2,model_1000_70,0.02608091205358505,0.0028840985866263507,0.0017371954643167556
3,model_1000_50,0.029102877974510194,0.002662262134253979,0.0016501111492980272
4,model_2000_70,0.03757722377777099,0.003847349811345339,0.002822033260483295
5,model_2000_50,0.05219513952732086,0.006769049266353249,0.005950594155117869
