,model,last_100_days,last_1000_days,last_2000_days
0,model_100_70,0.013343649134039879,0.004001061160117387,0.002405216393759474
1,model_100_50,0.008970341682434081,0.00197812238894403,0.0012185281702550128
2,model_1000_70,0.004557546284049749,0.0015097458939999342,0.0011042430358938872
3,model_1000_50,0.011785322017967701,0.003790029834024608,0.002216512277838774
4,model_2000_70,0.005952931717038154,0.0021545206317678096,0.0018309561202768236
5,model_2000_50,0.00367417361587286,0.002748858440667391,0.002085222579538822
