,model,last_100_days,last_1000_days,last_2000_days
0,model_100_70,0.011767423897981643,0.0022995263217017053,0.0016587698665680363
1,model_100_50,0.009210257679224015,0.0013763015009462833,0.0008539462994085625
2,model_1000_70,0.03298010468482971,0.013376632548868657,0.011016352220904082
3,model_1000_50,0.02377363383769989,0.00894324316829443,0.007078442716388963
4,model_2000_70,0.017406435906887053,0.008199042910709976,0.008469029795844107
5,model_2000_50,0.022020693123340606,0.010145525904372335,0.010218261740170419
